												
Unidade Solicitante	Nº Requisição SIPAC	Código SIPAC	CATMAT / CATSER	Classificação Item	Grupo Agenda	Denominação	Descrição Detalhada	Unidade Fornecimento	Grupo de Material	Qtde.	Valor Unitário	Valor Total
FEQ	1288	5208000000130	432666	Específico		BANHO MARIA CAPAC. 35L	BANHO MARIA, AJUSTE AJUSTE MECANICO, COM VISOR DIGITAL, VOLUME CERCA DE 35, COMPONENTES COM TAMPA CONICA, TEMPERATURA CONTROLE TEMPERATURA ATE 100, ADICIONAL TIPO DUBNOFF, ROTAC?O AGITAC?O RECIPROCANTE, ATE 250, CARACTERISTICA ADICIONAL PLATAFORMA CERCA DE 25 X 40	UNIDADE	5208 - APARELHOS, EQUIP. E UTENS. MED., ODONT., LABOR. E HOSP.	1	R$ 6.952,00	R$ 6.952,00
FEQ	1288	5208000000191	253329	Específico		DESTILADOR AGUA CAPAC. 10	DESTILADOR AGUA, CAPACIDADE 10, VOLTAGEM 220, CARACTERISTICAS ADICIONAIS COM DISPOSITIVO ELETROMECANICO PARA DESLIGAMENTO, APLICAC?O LABORATORIO DESTILADOR DE AGUA: Gabinete em aco carbono com tratamento anti corrosivo e pintura eletrostatica. Caldeira e condensador em vidro borossilicato. Resistencia encapsulada em tubo de quartzo. Caixa de controle, tubo de destilac?o e caldeira em aco inoxidavel 304 polido. Seguranca na ausencia de agua, desligamento automatico. Limpeza: exclusivo sistema de vedac?o da caldeira sem utilizac?o de parafusos. Rendimento: de 5 a 10 L/H. Condutividade: ate 3,5 uS/cm (considerando-se condutividade de entrada 310 uS/cm). Consumo: 100 L/h. Acompanhar: Mangueira de silicone: comprimento minimo 5000 mm. Barrilete com corpo em plastico PVC, fundo inclinado para escoamento total, tampa injetada com boca de inspec?o. Torneira de ? para escoamento e visor de nivel graduado. Capacidade 100 Lts. Suporte para fixac?o.03 pc. Parafuso com bucha. Voltagem: bivolt 110/220 volts. Cabo de forca com dupla isolac?o e plugue de tres pinos, dois fases e um terra, atendendo a nova norma ABNT NBR 14136. Manual de instruc?es em portugues. Custo da assistencia tecnica por conta do fornecedor ou do fabricante durante todo periodo de garantia (transportadora ou correios para envio e retorno). Garantia de 01 (um) ano fornecida pelo fabricante.	UNIDADE	5208 - APARELHOS, EQUIP. E UTENS. MED., ODONT., LABOR. E HOSP.	1	R$ 2.500,00	R$ 2.500,00
FEQ	1288	5208000000488	150721	Específico		CAPELA DE EXAUSTAO DE GASES 3	Capela química, aplicação exaustão de gases em laboratório, características adicionais porta vidro, painel, iluminação, tubo saída 100mm, com motor tipo monofásico 1/8 hp, material fibra de vidro laminado, dimensões externa em cm: largura 150, altura 90, profundidade 70; Bivolt.	UNIDADE	5208 - APARELHOS, EQUIP. E UTENS. MED., ODONT., LABOR. E HOSP.	1	R$ 3.600,00	R$ 3.600,00
FEQ	1288	5208000000503	432131	Específico		BALANCA ANALITICA.	Balança precisão eletrônica, capacidade máxima 2kg, resolução 0,01g, tipo painel visor LCD frontal, características adicionais semi-analítica, sem capela de proteção -  Funções de pesagem, contagem de peças e porcentagem de acumulação; Calibração externa ou interna com vários pontos utilizando peso padrão; Unidades de Pesagem: "g", "ct", "oz", "dwt", "ozt", "lb", "gn", "kg", "t", "gms", "alcatrão", "tmr";. Tela: Grande Tela LCD com luz de fundo (retro iluminação).  Saída de dados: Interface RS 232; Tamanho da bandeja: &#934;85 mm; Bandeja: Totalmente em Aço Inox; Capela: Plástico ABS Ultra Resistente; Alimentação: DC9V/500mA ou 6V/1.3Ah bateria recarregável. GARANTIA 12 MESES	UNIDADE	5208 - APARELHOS, EQUIP. E UTENS. MED., ODONT., LABOR. E HOSP.	1	R$ 1.200,00	R$ 1.200,00
FEQ	1288	5208000000505	24910	Específico		VISCOSÍMETRO	Viscosímetro tipo copo Ford em Alumínio - Kit completo com orifícios 2, 3, 4, 5, 6 e 8, com nível bolha circular	UNIDADE	5208 - APARELHOS, EQUIP. E UTENS. MED., ODONT., LABOR. E HOSP.	1	R$ 950,00	R$ 950,00
FEQ	1288	5208000000531	419821	Específico		ESTUFA DE SECAGEM  150 LITROS	Estufa de secagem, revestida internamente em aço inox, faixa de temperatura de 200ºC. Controlador de temperatura digital microcontrolado programável. Volume 150 litros. Alimentação: 110 / 220 V - Potencia: 1100 W.	UNIDADE	5208 - APARELHOS, EQUIP. E UTENS. MED., ODONT., LABOR. E HOSP.	1	R$ 3.300,00	R$ 3.300,00
FEQ	1288	5208000000570	138088	Específico		FORNO MUFLA	FORNO MUFLA DIGITAL microprocessado com 1 rampa e 1 patamar - dimensões internas 40x20x20cm - 220 volts watts= 3720.  Faixa inicial de trabalho em 300ºc; temperatura máxima de trabalho: 1200ºc; construído em chapa de aço tratada, revestida com epóxi eletrostático; isolamento térmico evitando alto aquecimento da parte exterior; painel de comando lateral para melhor visualização; resistências fio, embutidas e m refratários; porta com contrapeso e abertura tipo bandeja. Garantida mínima de 12 meses.	UNIDADE	5208 - APARELHOS, EQUIP. E UTENS. MED., ODONT., LABOR. E HOSP.	1	R$ 3.340,00	R$ 3.340,00
IGE (1), FEQ (1)	1288	5208000000639	416187	Específico		MANTA AQUECEDORA.	Corpo em alumínio com revestimento epóxi; Resistência de fio kanthal, alojada em toda extensão do ninho garantindo maior homogeneidade de temperatura e garantindo temperaturas até 500ºC (no ninho); Não produz faísca em nenhuma parte do seu sistema eletrônico resultando em maior segurança; isolação térmica e elétrica; Base do tamanho maior da parte do ninho garantindo maior estabilidade ao equipamento, Possui regulador de potência com numeração de 1 a 10; Capacidade do balão: 500ml;	UNIDADE	5208 - APARELHOS, EQUIP. E UTENS. MED., ODONT., LABOR. E HOSP.	1	R$ 468,00	R$ 468,00
FAEC	1288	5208000000643	25828	Específico		PLUVIÔMETRO	PLUVIÔMETRO AUTOMÁTICO COM REGISTRADOR DE DADOS RG5-M	UNIDADE	5208 - APARELHOS, EQUIP. E UTENS. MED., ODONT., LABOR. E HOSP.	1	R$ 600,00	R$ 600,00
IGE	1288	5208000000647	464976	Específico		MEDIDOR DE CONDUTIVIDADE DE BOLSO	MEDIDOR DE CONDUTIVIDADE DE BOLSO  CONDUTIVÍMETRO, TIPO LEITURAS: ANALISADOR TÉRMICO DAS CONSTANTE, TIPO ESCALA: AUTO RANGE, CONDUTIVIDADE FAIXA MEDIÇÃO: 0,003 A 100 W,M.K, RESOLUÇÃO: REPRODUTIBILIDADE MÍNIMA 2%, PRECISÃO RELATIVA: 5 PER, APLICAÇÃO: CONDUTIVIDADE TÉRMICA.	UNIDADE	5208 - APARELHOS, EQUIP. E UTENS. MED., ODONT., LABOR. E HOSP.	1	R$ 500,00	R$ 500,00
	1288	5208000000649	441768	Específico		REFRATÓMETRO DIGITAL	REFRATOMETRO DIGITAL PARA MEDIÇÃO DE AÇUCAR 0-85%BRIX EM INDUSTRIA ALIMENTICIA BRIX  REFRATÔMETRO, TIPO APARELHO: ABBE DE BANCADA, TIPO DISPLAY: DIGITAL, APLICAÇÃO: P, AMOSTRAS LÍQUIDAS, VISCOSAS OU SÓLIDAS, FAIXA MEDIÇÃO: ATÉ 95 % BRIX, FAIXA MEDIÇÃO 1: CERCA DE 1.3000 A 1.7100 ND, COMPONENTES: C, SAÍDA PARA BANHO TERMOSTÁTICO.	UNIDADE	5208 - APARELHOS, EQUIP. E UTENS. MED., ODONT., LABOR. E HOSP.	62	R$ 1.200,00	R$ 74.400,00
FAGEO	1288	5208000000671	462134	Específico		BÚSSOLA BRUNTON	DESCRIÇÃO NO SIASGNET:BÚSSOLA NAVEGAÇÃO, MATERIAL: ALUMÍNIO, MODELO: BRUNTON, TIPO: PRECISÃO. DESCRIÇÃO DO MODELO: BÚSSOLA GEOLÓGICA POCKET TRANSIT 5008 TIPO BRUNTON.	UNIDADE	5208 - APARELHOS, EQUIP. E UTENS. MED., ODONT., LABOR. E HOSP.	5	R$ 500,00	R$ 2.500,00
FEQ	1288	5208000000761	453524	Específico		BANHO ULTRATERMOSTATICO	BANHO ULTRATERMOSTÁTICO com recirculação interna/externa, volume de líquido: 10 litros, faixa de temperatura: -10 a +100 ºC, tipo ajuste: digital microprocessado, outros componentes: bomba de circulação, vazão: até 20 litros por minuto. Tensão de alimentação: 220 V.a	UNIDADE	5208 - APARELHOS, EQUIP. E UTENS. MED., ODONT., LABOR. E HOSP.	1	R$ 4.088,00	R$ 4.088,00
IGE (16), FAEC (5), FEMAT (20), FEQ (5)	1315	3035000000009	411101	Especial		BEQUER DE PLASTICO 50ML	BÉQUER, MATERIAL POLIPROPILENO, GRADUAÇÃO GRADUADO, CAPACIDADE 50, FORMATO FORMA ALTA, ADICIONAL COM ORLA E BICO	UNIDADE	3035 - MATERIAL LABORATORIAL	36	R$ 5,00	R$ 180,00
IGE (2), FEQ (1)	1315	3035000000023	375074	Especial		LAMPARINA PARA LABORATORIO	LAMPARINA LABORATÓRIO, MATERIAL VIDRO, CAPACIDADE 60, CARACTERÍSTICAS ADICIONAIS COM TAMPA E PAVIO	UNIDADE	3035 - MATERIAL LABORATORIAL	12	R$ 100,00	R$ 1.200,00
IGE (35), FEQ (10)	1315	3035000000026	409530	Especial		BASTAO LABORATORIO 10 X 300	BASTÃO LABORATÓRIO, MATERIAL VIDRO, DIMENSÕES CERCA DE 10 X 300	UNIDADE	3035 - MATERIAL LABORATORIAL	36	R$ 3,30	R$ 118,80
IGE (15), FEMAT (2), FEMMA (5),  FEQ(6)	1315	3035000000028	409889	Especial		PROVETA DE VIDRO 50ML	PROVETA, MATERIAL VIDRO, GRADUAÇÃO GRADUADA, CAPACIDADE 50, BASE BASE EM VIDRO, ADICIONAL COM ORLA E BICO	UNIDADE	3035 - MATERIAL LABORATORIAL	27	R$ 6,00	R$ 162,00
IGE (7), FEMMA (2), FEQ (6)	1315	3035000000029	409882	Especial		PROVETA DE VIDRO 500ML	PROVETA, MATERIAL VIDRO, GRADUAÇÃO GRADUADA, CAPACIDADE 500, BASE BASE PLÁSTICA, ADICIONAL COM ORLA E BICO	UNIDADE	3035 - MATERIAL LABORATORIAL	14	R$ 44,80	R$ 627,20
IGE (36), FAEC (5), FEMAT (20),  FEMMA (10), FEQ (20)	1315	3035000000036	408266	Especial		BEQUER 250ML	BÉQUER, MATERIAL VIDRO, GRADUAÇÃO GRADUADO, CAPACIDADE 250, FORMATO FORMA BAIXA, ADICIONAL COM ORLA E BICO	UNIDADE	3035 - MATERIAL LABORATORIAL	87	R$ 4,00	R$ 348,00
FAEC (5), FEMAT (2), FEMMA (5), FEQ (15)	1315	3035000000038	408271	Especial		BEQUER 1000ML	BÉQUER, MATERIAL VIDRO, GRADUAÇÃO GRADUADO, CAPACIDADE 1000, FORMATO FORMA BAIXA, ADICIONAL COM ORLA E BICO	UNIDADE	3035 - MATERIAL LABORATORIAL	27	R$ 15,00	R$ 405,00
IGE (16), FAEC (5), FEMAT (3), FEMMA (15),  FEQ (15)	1315	3035000000039	408252	Especial		BEQUER 500ML	BÉQUER, MATERIAL VIDRO, GRADUAÇÃO GRADUADO, CAPACIDADE 500, FORMATO FORMA ALTA, ADICIONAL COM ORLA E BICO	UNIDADE	3035 - MATERIAL LABORATORIAL	74	R$ 10,00	R$ 740,00
IGE (10), FEMMA (2), FEQ (5)	1315	3035000000041	409901	Especial		PROVETA DE VIDRO 1000ML	PROVETA, MATERIAL VIDRO, GRADUAÇÃO GRADUADA, CAPACIDADE 1000, BASE BASE EM VIDRO, ACESSÓRIOS COM ROLHA DE VIDRO	UNIDADE	3035 - MATERIAL LABORATORIAL	14	R$ 46,40	R$ 649,60
FEMMA (1)	1315	3035000000067	269892	Especial		LUVA PARA PROCEDIMENTO NAO CIRURGICO GRANDE	LUVA PARA PROCEDIMENTO NÃO CIRÚRGICO, MATERIAL LÁTEX NATURAL ÍNTEGRO E UNIFORME, TAMANHO GRANDE, CARACTERÍSTICAS ADICIONAIS LUBRIFICADA COM PÓ BIOABSORVÍVEL, DESCARTÁVEL, APRESENTAÇÃO ATÓXICA, TIPO AMBIDESTRA, TIPO USO DESCARTÁVEL, MODELO FORMATO ANATÔMICO, FINALIDADE RESISTENTE À TRAÇÃO. CAIXA COM 100	CAIXA	3035 - MATERIAL LABORATORIAL	21	R$ 30,00	R$ 630,00
FEMMA (5), FEQ (5)	1315	3035000000074	419112	Especial		ESTANTE TUBO ENSAIO	ESTANTE TUBO ENSAIO, MATERIAL PLÁSTICO, DIÂMETRO TUBO PARA TUBOS ATE 20MM, CAPACIDADE ATE 20 UNIDADES	UNIDADE	3035 - MATERIAL LABORATORIAL	5	R$ 25,00	R$ 125,00
IGE (9), FEQ (10)	1315	3035000000088	409238	Especial		BALÃO FUNDO CHATO 500 ML	Balão laboratório, tipo uso volumétrico, tipo fundo chato, material vidro, capacidade 500 ML, acessórios rolha de vidro	UNIDADE	3035 - MATERIAL LABORATORIAL	21	R$ 45,00	R$ 945,00
IGE (20), FEMMA (10), FEQ (10)	1315	3035000000089	409242	Especial		BALÃO FUNDO CHATO 50 ML	Balão laboratório, tipo uso volumétrico, tipo fundo chato, material vidro, capacidade 50 ML, acessórios rolha de vidro	UNIDADE	3035 - MATERIAL LABORATORIAL	30	R$ 30,00	R$ 900,00
IGE (25), FEMAT (12), FEMMA (5)	1315	3035000000094	279892	Especial		PISSETA 500 ML	Frasco - tipo almotolia, material em polietileno (plástico), tipo bico bico curvo,ângulo de 90¨ parte medial, c/protetor, tipo tampa tampa em rosca, cor transparente, capacidade 500 ML	UNIDADE	3035 - MATERIAL LABORATORIAL	43	R$ 4,60	R$ 197,80
IGE (10), FEMAT (3), FEMMA (4), FEQ (5)	1315	3035000000104	409136	Especial		BURETA 50ML	BURETA, MATERIAL VIDRO, GRADUAÇÃO GRADUADA, VOLUME 50, ESCALA GRADUAÇÃO MÁXIMA 0,1 EM 0,1 ML, NUMERADA, ACESSÓRIOS COM TORNEIRA DE TEFLON	UNIDADE	3035 - MATERIAL LABORATORIAL	17	R$ 45,00	R$ 765,00
IGE (20), FEMAT (20), FEMMA (6)	1315	3035000000105	411267	Especial		CADINHO	CADINHO, MATERIAL PORCELANA, POROSIDADE 7 A 8 MICRONS, CAPACIDADE ATÉ 125, FORMATO FORMA ALTA, ACESSÓRIOS COM TAMPA	UNIDADE	3035 - MATERIAL LABORATORIAL	46	R$ 35,00	R$ 1.610,00
	1315	3035000000106	305638	Especial		DENSIMETRO	DENSÍMETRO, MATERIAL VIDRO, DENSIDADE MÁXIMA 0,7600 GASOLINA COMUM/ADITIVADA, DENSIDADE MÍNIMA 0,7200 GASOLINA COMUM/ADITIVADA, PERCENTAGEM MÁXIMA 21% ÁLCOOL ANÍDRO, PERCENTAGEM MÍNIMA 19% ÁLCOOL ANÍDRO, GRADUAÇÃO 0,700 A 0,750/0,750 A 0,800 GASOLINA COMUM/ADITIVA, FAIXA ESCALA -10 A +50 ºC/PRECISÃO 0,5 ¨C GASOLINA COMUM/ADITI-, COMPONENTES TERMÔMETRO/PROVETAS 1000ML GRADUADA/100ML GRADUA-, NORMAS TÉCNICAS PADRÃO ANP, APLICAÇÃO TESTE ENSAIO GASOLINA COMUM/ADITIVADA	UNIDADE	3035 - MATERIAL LABORATORIAL	32	R$ 85,00	R$ 2.720,00
IGE (10), FEMMA (10), FEQ (20)	1315	3035000000109	409362	Especial		ERLENMEYER 125ML	ERLENMEYER, MATERIAL VIDRO, GRADUAÇÃO GRADUADO, VOLUME 125, TIPO BOCA BOCA ESTREITA, ADICIONAL COM ORLA	UNIDADE	3035 - MATERIAL LABORATORIAL	20	R$ 6,00	R$ 120,00
FEMMA (1), FEQ (2)	1315	3035000000127	410420	Especial		PAPEL TORNASSOL - PH ACIDO	PAPEL DE TORNASSOL, POTENCIAL HIDROGENIONICO PH ACIDO	UNIDADE	3035 - MATERIAL LABORATORIAL	1	R$ 20,00	R$ 20,00
FEMMA (1), FEQ (2)	1315	3035000000128	410421	Especial		PAPEL TORNASSOL - PH BASICO	PAPEL DE TORNASSOL, POTENCIAL HIDROGENIONICO PH ALCALINO	UNIDADE	3035 - MATERIAL LABORATORIAL	6	R$ 15,00	R$ 90,00
FEMMA (10)	1315	3035000000131	421821	Especial		PISSETA 1000ML	FRASCO -  TIPO ALMOTOLIA, MATERIAL POLIETILENO (PLÁSTICO), TIPO BICO BICO CURVO, TIPO TAMPA TAMPA EM ROSCA, COR TRANSPARENTE, CAPACIDADE 1.000	UNIDADE	3035 - MATERIAL LABORATORIAL	12	R$ 31,00	R$ 372,00
IGE (15), FEMAT (2), FEMMA (4), FEQ (5)	1315	3035000000140	409892	Especial		PROVETA DE VIDRO 100 ML	proveta, material vidro, graduação graduada, capacidade 100, base base plástica, adicional com orla e bico	UNIDADE	3035 - MATERIAL LABORATORIAL	21	R$ 10,00	R$ 210,00
IGE (71), FAEC (5), FEMAT (20), FEMMA (10), FEQ (20)	1315	3035000000143	408277	Especial		BEQUER 100ML	béquer, material vidro, graduação graduado, capacidade 100, formato forma baixa, adicional com orla e bico	UNIDADE	3035 - MATERIAL LABORATORIAL	121	R$ 5,00	R$ 605,00
IGE (180), FEMAT (100)	1315	3035000000181	407792	Especial	FERRAMENTAS	LIXA, TIPO LIXA D´ÁGUA, GRÃO 1200	LIXA, MATERIAL CARBURETO SILÍCIO, TIPO LIXA D´ÁGUA, APRESENTAÇÃO FOLHA, TIPO GRÃO 1.200, COMPRIMENTO 275, LARGURA 225, TIPO COSTADO PAPEL IMPERMEÁVEL	UNIDADE	3035 - MATERIAL LABORATORIAL	290	R$ 2,30	R$ 667,00
IGE (180), FEMAT (100)	1315	3035000000182	231496	Especial	FERRAMENTAS	LIXA, TIPO LIXA D´ÁGUA, GRÃO 320	LIXA, MATERIAL CARBURETO SILÍCIO, TIPO LIXA D´ÁGUA, APRESENTAÇÃO FOLHA, TIPO GRÃO 320, COMPRIMENTO 275, LARGURA 225	UNIDADE	3035 - MATERIAL LABORATORIAL	300	R$ 1,20	R$ 360,00
IGE (180), FEMAT (100)	1315	3035000000183	231497	Especial	FERRAMENTAS	LIXA, TIPO LIXA D´ÁGUA, GRÃO 400	LIXA, MATERIAL CARBURETO SILÍCIO, TIPO LIXA D´ÁGUA, APRESENTAÇÃO FOLHA, TIPO GRÃO 400, COMPRIMENTO 275, LARGURA 225	UNIDADE	3035 - MATERIAL LABORATORIAL	280	R$ 1,39	R$ 389,20
FEMAT (100)	1315	3035000000184	231498	Especial	FERRAMENTAS	LIXA, TIPO LIXA D´ÁGUA, GRÃO 600	LIXA, MATERIAL CARBURETO SILÍCIO, TIPO LIXA D´ÁGUA, APRESENTAÇÃO FOLHA, TIPO GRÃO 600, COMPRIMENTO 275, LARGURA 225	UNIDADE	3035 - MATERIAL LABORATORIAL	101	R$ 1,29	R$ 130,29
IGE (4), FEMAT (2), FEMMA (1), FEQ (1)	1315	3035000000197	436423	Especial		DESSECADOR COMPLETO	DESSECADOR COMPLETO COM TAMPA, LUVA E PLACA DE PORCELANA, DESSECADOR, MATERIAL VIDRO, TIPO PARA VÁCUO, DIÂMETRO INTERNO CERCA DE 30, TIPO TAMPA TAMPA DE VIDRO COM VEDAÇÃO, ACESSÓRIOS COM LUVA E TORNEIRA, OUTROS COMPONENTES COM PLACA DE PORCELANA COMPATÍVEL COM O MODELO.	UNIDADE	3035 - MATERIAL LABORATORIAL	7	R$ 467,87	R$ 3.275,09
IGE (20), FEMMA (1)	1315	3035000000199	420484	Especial		PINCA LABORATÓRIO	PINÇA LABORATÓRIO, MATERIAL METAL, MODELO CASTALOY, APLICAÇÃO PARA BURETA,COMPRIMENTO CERCA DE 25, ADICIONAL COM MUFA.DESCRIÇÃO COMPLEMENTAR:PINÇA, MATERIAL ALUMÍNIO FUNDIDO, TIPO COM MUFA, CARACTERÍSTICAS ADICIONAIS ÂNGULO REGULÁVEL ATÉ 60 MM, APLICAÇÃO LABORATÓRIO, TIPO USO SEGURAR / PRENDER BURETA.	UNIDADE	3035 - MATERIAL LABORATORIAL	41	R$ 109,90	R$ 4.505,90
FAEC (5), FEMAT (20), FEMMA (30), FEQ (10)	1315	3035000000208	408265	Especial		BÉQUER 25 ML	BÉQUER, MATERIAL VIDRO, GRADUAÇÃO GRADUADO, CAPACIDADE 25 ML, FORMATO FORMA BAIXA, ADICIONAL COM ORLA E BICO	UNIDADE	3035 - MATERIAL LABORATORIAL	70	R$ 2,96	R$ 207,20
IGE (10), FEQ (6)	1315	3035000000210	409533	Especial		BASTÃO LABORATÓRIO 10 X 300 POLIPROPILENO	BASTÃO LABORATÓRIO, MATERIAL POLIPROPILENO, DIMENSÕES CERCA DE 10 X 300 MM	UNIDADE	3035 - MATERIAL LABORATORIAL	11	R$ 6,12	R$ 67,32
FEMMA	1315	3035000000215	425359	Especial		FRASCO LABORATÓRIO 500ML	FRASCO LABORATÓRIO, TIPO REAGENTE, MATERIAL PLÁSTICO, CAPACIDADE 500 ML, TIPO BOCA BOCA LARGA, TIPO TAMPA TAMPA ROSQUEÁVEL COM VEDAÇÃO, ADICIONAL AUTOCLAVÁVEL	UNIDADE	3035 - MATERIAL LABORATORIAL	5	R$ 18,18	R$ 90,90
FEMMA	1315	3035000000216	409457	Especial		FRASCO LABORATÓRIO 1000ML	FRASCO LABORATÓRIO, TIPO REAGENTE, MATERIAL PLÁSTICO, CAPACIDADE 1000 ML, TIPO BOCA BOCA LARGA, TIPO TAMPA TAMPA ROSQUEÁVEL, ADICIONAL AUTOCLAVÁVEL	UNIDADE	3035 - MATERIAL LABORATORIAL	5	R$ 25,47	R$ 127,35
IGE (15), FEMMA (2), FEQ (4)	1315	3035000000222	283766	Especial		TERMOMETRO QUIMICO EM VIDRO	Termômetro químico, escala externa, capilar cobertura branca, enchimento a líquido vermelho, faixa medição temperatura -10 a 150, material vidro, características adicionais capilar, divisão da escala 1, comprimento 280 mm, precisão 1.	UNIDADE	3035 - MATERIAL LABORATORIAL	22	R$ 39,63	R$ 871,86
IGE (5), FEQ (1)	1315	3035000000223	283766	Especial		ELETRODO	ELETRODO MEDIÇÃO PH, TIPO COMBINADO, COMPONENTES CORPO VIDRO/ CONEXÃO BNC/ CABO COAXIAL, TEMPERATURA TRABALHO 0 A 100 ¨C, CARACTERÍSTICAS ADICIONAIS SISTEMA REF. AG/AGCL, 70PH 0 A 14. CARACTERÍSTICA ADICIONAL: REFILÁVEL	UNIDADE	3035 - MATERIAL LABORATORIAL	15	R$ 243,00	R$ 3.645,00
IGE (180), FEMAT (100)	1315	3035000000225	231494	Especial		LIXA, TIPO LIXA D´ÁGUA, GRÃO 240	LIXA, MATERIAL CARBURETO SILÍCIO, TIPO LIXA D'ÁGUA, APRESENTAÇÃO FOLHA, TIPO GRÃO 240, COMPRIMENTO 275 MM, LARGURA 225 MM	UNIDADE	3035 - MATERIAL LABORATORIAL	290	R$ 0,73	R$ 211,70
IGE (180), FEMAT (100)	1315	3035000000226	407793	Especial		LIXA, TIPO LIXA D´ÁGUA, GRÃO 800.	LIXA, MATERIAL CARBURETO SILÍCIO, TIPO LIXA D´ÁGUA, APRESENTAÇÃO FOLHA, TIPO GRÃO 800, COMPRIMENTO 275, LARGURA 225, TIPO COSTADO PAPEL IMPERMEÁVEL	UNIDADE	3035 - MATERIAL LABORATORIAL	290	R$ 1,80	R$ 522,00
IGE (20), FEMMA (10), FEQ (10)	1315	3035000000246	409252	Especial		BALÃO  FUNDO CHATO 100 ML	BALÃO LABORATÓRIO, TIPO USO VOLUMÉTRICO, TIPO FUNDO FUNDO CHATO, MATERIAL VIDRO, CAPACIDADE 100, ACESSÓRIOS ROLHA DE PLÁSTICO	UNIDADE	3035 - MATERIAL LABORATORIAL	30	R$ 32,52	R$ 975,60
	1315	3035000000247	409245	Especial		BALAO  DE FUNDO CHATO 250ML	BALÃO LABORATÓRIO, TIPO USO VOLUMÉTRICO, TIPO FUNDO FUNDO CHATO, MATERIAL VIDRO, CAPACIDADE 250, ACESSÓRIOS ROLHA DE PLÁSTICO	UNIDADE	3035 - MATERIAL LABORATORIAL	64	R$ 40,32	R$ 2.580,48
IGE (5), FAEC (1), FEMMA (1)	1315	3035000000251	213165	Especial		TERMOMETRO INDUSTRIAL	Termômetro de vidro industrial, tipo reto, elemento de expansão:  mercúrio, posição escala externa, faixa escala -10°c a +80°c, subdivisão 0,50°c, precisão 2,50% do total da escala.	UNIDADE	3035 - MATERIAL LABORATORIAL	12	R$ 70,00	R$ 840,00
FEMMA (2), FEQ (3)	1315	3035000000254	410551	Especial		SUPORTE PARA BURETA	Suporte laboratório, metal, haste, para bureta, cerca de 60 cm, base plana.	UNIDADE	3035 - MATERIAL LABORATORIAL	2	R$ 60,00	R$ 120,00
IGE (30), FEMMA (4), FEQ (20)	1315	3035000000256	408836	Especial		BARRA MAGNÉTICA 5 X 30	Barra magnética, revestida em ptfe, cilíndrico, lisa, cerca de 5 mm x 30 mm.	UNIDADE	3035 - MATERIAL LABORATORIAL	34	R$ 9,00	R$ 306,00
IGE (2), FEMAT (1), FEMMA (2), FEQ (2)	1315	3035000000257	411052	Especial		KIT FILTRACAO	Sistema filtração, à vácuo, em vidro, com funil, grampo, rolha e kitassato, 1000 mL.	UNIDADE	3035 - MATERIAL LABORATORIAL	5	R$ 600,00	R$ 3.000,00
IGE (2), FEMMA (1), FEQ (1)	1315	3035000000269	412660	Especial		BARRILETE 30L	Barrilete, material plástico, graduação graduado, capacidade 30, componentes com tampa, acessórios com torneira	UNIDADE	3035 - MATERIAL LABORATORIAL	5	R$ 180,00	R$ 900,00
IGE	1315	3035000000281	410081	Especial		FUNIL DE SEPARAÇÃO 500ML	FUNIL LABORATÓRIO, MATERIAL VIDRO, FORMATO PERA, CAPACIDADE 500 ml, ACESSÓRIOS TORNEIRA DE TEFLON E ROLHA DE PLÁSTICO.	UNIDADE	3035 - MATERIAL LABORATORIAL	4	R$ 114,30	R$ 457,20
FEMMA (5), FEQ (5)	1315	3035000000290	410493	Especial		PIPETA GRADUADA 5ML	PIPETA, TIPO SOROLÓGICA, GRADUAÇÃO GRADUADA, CAPACIDADE 5, MATERIAL VIDRO, ESCALA ESCALA 0,1 EM 0,1 ML, ESGOTAMENTO ESGOTAMENTO TOTAL	UNIDADE	3035 - MATERIAL LABORATORIAL	5	R$ 9,05	R$ 45,25
FEMMA (10), FEQ (5)	1315	3035000000291	410501	Especial		PIPETA GRADUADA 10ML	PIPETA, TIPO SOROLÓGICA, GRADUAÇÃO GRADUADA, CAPACIDADE 10, MATERIAL VIDRO, ESCALA ESCALA 0,1 EM 0,1 ML	UNIDADE	3035 - MATERIAL LABORATORIAL	10	R$ 9,05	R$ 90,50
IGE 	1315	3035000000300	409050	Especial		TUBO FALCON 50ML	TUBO LABORATÓRIO, TIPO CENTRÍFUGA, MATERIAL POLIPROPILENO, TIPO FUNDO CÔNICO, CAPACIDADE 50 ML, ACESSÓRIOS TAMPA ROSQUEÁVEL, GRADUAÇÃO GRADUADO, ESTERILIDADE ESTÉRIL, APIROGÊNICO, LIVRE DE DNASE E RNASE, USO DESCARTÁVEL	PACOTE	3035 - MATERIAL LABORATORIAL	1	R$ 44,30	R$ 44,30
	1315	3035000000309	261998	Especial		LUPA DE MÃO 90MM	Lupa de mão 90mm	UNIDADE	3035 - MATERIAL LABORATORIAL	16	R$ 42,92	R$ 686,72
IGE 	1315	3035000000371	423339	Especial		SUPORTE PARA PIPETAS	Suporte laboratório, material plástico, tipo estante, aplicação para pipetas, base giratória, capacidade até 15 unidades	UNIDADE	3035 - MATERIAL LABORATORIAL	1	R$ 600,00	R$ 600,00
FEQ	1315	3035000000453	409239	Especial		BAL?O LABORATORIO FUNDO CHATO CAPACIDADE 1000	BAL?O LABORATORIO, TIPO USO VOLUMETRICO, TIPO FUNDO FUNDO CHATO, MATERIAL VIDRO, CAPACIDADE 1000, ACESSORIOS ROLHA DE VIDRO	UNIDADE	3035 - MATERIAL LABORATORIAL	5	R$ 52,00	R$ 260,00
	1315	3035000000466	408837	Especial		BARRA MAGNETICA 5X50	BARRA MAGNETICA, MATERIAL REVESTIDA EM PTFE, FORMATO CILINDRICO, CARACTERISTICAS ADICIONAIS LISA, DIMENS?ES CERCA DE 5 X 50	UNIDADE	3035 - MATERIAL LABORATORIAL	45	R$ 38,90	R$ 1.750,50
IGE (15), FEMMA (4), FEQ (5)	1315	3035000000508	409914	Especial		CUBETA LABORATORIO	CUBETA LABORATORIO, MATERIAL VIDRO, VOLUME 3,5, PERCURSO CAMINHO OTICO 10 MM, ADICIONAL COM 2 FACES POLIDAS, COMPONENTES COM TAMPA	UNIDADE	3035 - MATERIAL LABORATORIAL	19	R$ 45,00	R$ 855,00
	1315	3035000000541	409373	Especial		ESPATULA LABORATORIO FORMATO CHATA C/ COLHER 20CM	ESPATULA LABORATORIO, MATERIAL ARAME DE ACO INOX, FORMATO CHATA COM COLHER, COMPRIMENTO CERCA DE 20	UNIDADE	3035 - MATERIAL LABORATORIAL	15	R$ 18,00	R$ 270,00
	1315	3035000000657	269157	Especial		HASTE COM PONTA MAGNETICA	HASTE COM PONTA MAGNETICA, MATERIAL POLIPROPILENO, COMPRIMENTO 350, DIAMETRO 8, APLICAC?O PEGAR BARRAS MAGNETICAS, CARACTERISTICAS ADICIONAIS PONTA MAGNETICA DE 45MM	UNIDADE	3035 - MATERIAL LABORATORIAL	5	R$ 70,00	R$ 350,00
	1315	3035000000715	408561	Especial		BANDEJA PLÁSTICA RETANGULAR 3 LITROS.	BANDEJA PLÁSTICA RETANGULAR, PEQUENA: BANDEJA PLÁSTICA RETANGULAR, 30,2X20,8X6,3CM CAPACIDADE DE  3 LITROS, COR BRANCA.	UNIDADE	3035 - MATERIAL LABORATORIAL	55	R$ 11,99	R$ 659,45
	1315	3035000000816	412644	Especial		INDICADOR DE PH, TIRA DE PAPEL	INDICADOR DE PH, TIRA DE PAPEL, 0 A 14. CAIXA COM 100 TIRAS	UNIDADE	3035 - MATERIAL LABORATORIAL	14	R$ 37,37	R$ 523,18
	1315	3035000000833	408656	Especial		PIPETADOR PI-PUMP 25 ML	PIPETADOR PI-PUMP 25 ML: PIPETADOR (PI-PUMP) PARA ACOPLAMENTO EM DIVERSOS TIPOS DE PIPETAS DE VIDRO OU PLÁSTICO; ROLDANA PARA UM PRECISO CONTROLE DO ENCHIMENTO OU DISPENSAÇÃO DA PIPETA; FABRICADO EM PLÁSTICO RESISTENTE A ÁCIDOS E SOLUÇÕES ALCALINAS. PIPETAS DE ATÉ 25 ML	UNIDADE	3035 - MATERIAL LABORATORIAL	30	R$ 23,40	R$ 702,00
	1315	3035000001051	407961	Especial		ALGODÃO HIDRÓFILO ROLO 500GR	ALGODÃO HIDRÓFILO: ALGODÃO HIDRÓFILO EM ROLO 500GR	ROLOS	3035 - MATERIAL LABORATORIAL	65	R$ 19,74	R$ 1.283,10
	1315	3035000001060	413568	Especial		PICNÔMETRO DE VIDRO 500ML	PICNÔMETRO, MATERIAL: VIDRO, CAPACIDADE: 500 ML, CALIBRAGEM: CALIBRADO	UNIDADE	3035 - MATERIAL LABORATORIAL	10	R$ 180,00	R$ 1.800,00
	1315	3035000001061	440497	Especial		PINÇA LABORATÓRIO - 25CM	PINÇA LABORATÓRIO, MATERIAL METAL, MODELO CASTALOY, APLICAÇÃO PARA BURETA, COMPRIMENTO CERCA DE 25, ADICIONAL DUPLA E COM MUFA	UNIDADE	3035 - MATERIAL LABORATORIAL	1	R$ 64,17	R$ 64,17
	1315	3035000001076	43222	Especial		COMPASSO TECNICO	COMPASSO TÉCNICO, NOME COMPASSO DE DESENHO COMUM	UNIDADE	3035 - MATERIAL LABORATORIAL	10	R$ 70,00	R$ 700,00
	1315	3035000001082	413112	Especial		BANDEJA PLÁSTICA, 9 LITROS	BANDEJA, MATERIAL:PLÁSTICO, DIMENSÕES:42,50 X 34,50 X 8,50 CM, APLICAÇÃO:MULTIUSO, CARACTERÍSTICAS ADICIONAIS:COR; BRANCA, CAPACIDADE: 9 LITROS	UNIDADE	3035 - MATERIAL LABORATORIAL	45	R$ 27,00	R$ 1.215,00
	1315	3035000001086	414522	Especial		CUBETA LABORATÓRIO, PLÁSTICO, VOLUME: 1,5 ML	CUBETA LABORATÓRIO, MATERIAL: PLÁSTICO, VOLUME: 1,5 ML, PERCURSO: CAMINHO ÓTICO 10 MM. CAIXA COM 100	CAIXA	3035 - MATERIAL LABORATORIAL	1	R$ 130,00	R$ 130,00
	1315	3035000001149	59315	Especial		DESTILAÇÃO FRACIONADA - KIT COMPLETO	APARELHO DESTILAÇÃO; ADICIONAL: 01 BALÃO FUNDO REDONDO COM JUNTA 24/40 500 ML; 01 BALÃO FUNDO REDONDO COM JUNTA 24/40 500 ML COMO COLETOR; 01 JUNTA ADAPTADORA E SAÍDA PARA TERMÔMETRO TIPO CABEÇA DE DESTILAÇÃO 728; 01 COLUNA DE DESTILAÇÃO VIGREUX 2 JUNTAS 200 MM; 01 CONDENSADOR LIEBIG 2 JUNTAS E OLIVA DE VIDRO 300 MM; 01 TUBO CONECTANTE ÂNGULO 105º E SAÍDA PARA VÁCUO COM 2 JUNTAS; 01 BASE COM HASTE 45 CM; 01 PINÇA 3 DEDOS COM MUFA GIRATÓRIA; 01 TRIPÉ DE FERRO 10X12 CM; PACOTE COM 2 METOS DE MANGUEIRA DE SILICONE 11,5X8 MM; 01 TERMÔMETRO QUÍMICO ESCALA EXTERNA LIQUIDO VERMELHO -10 +150 - 1 UNIDADE; 01 ROLHA DE SILICONE SEM FURO PARA CONECTAR O TERMÔMETRO.	UNIDADE	3035 - MATERIAL LABORATORIAL	47	R$ 1.200,00	R$ 56.400,00
	1330	5208000000130	432666	Específico		BANHO MARIA CAPAC. 35L	BANHO MARIA, AJUSTE AJUSTE MECANICO, COM VISOR DIGITAL, VOLUME CERCA DE 35, COMPONENTES COM TAMPA CONICA, TEMPERATURA CONTROLE TEMPERATURA ATE 100, ADICIONAL TIPO DUBNOFF, ROTAC?O AGITAC?O RECIPROCANTE, ATE 250, CARACTERISTICA ADICIONAL PLATAFORMA CERCA DE 25 X 40	UNIDADE	5208 - APARELHOS, EQUIP. E UTENS. MED., ODONT., LABOR. E HOSP.	1	R$ 6.952,00	R$ 6.952,00
	1330	5208000000191	253329	Específico		DESTILADOR AGUA CAPAC. 10	DESTILADOR AGUA, CAPACIDADE 10, VOLTAGEM 220, CARACTERISTICAS ADICIONAIS COM DISPOSITIVO ELETROMECANICO PARA DESLIGAMENTO, APLICAC?O LABORATORIO DESTILADOR DE AGUA: Gabinete em aco carbono com tratamento anti corrosivo e pintura eletrostatica. Caldeira e condensador em vidro borossilicato. Resistencia encapsulada em tubo de quartzo. Caixa de controle, tubo de destilac?o e caldeira em aco inoxidavel 304 polido. Seguranca na ausencia de agua, desligamento automatico. Limpeza: exclusivo sistema de vedac?o da caldeira sem utilizac?o de parafusos. Rendimento: de 5 a 10 L/H. Condutividade: ate 3,5 uS/cm (considerando-se condutividade de entrada 310 uS/cm). Consumo: 100 L/h. Acompanhar: Mangueira de silicone: comprimento minimo 5000 mm. Barrilete com corpo em plastico PVC, fundo inclinado para escoamento total, tampa injetada com boca de inspec?o. Torneira de ? para escoamento e visor de nivel graduado. Capacidade 100 Lts. Suporte para fixac?o.03 pc. Parafuso com bucha. Voltagem: bivolt 110/220 volts. Cabo de forca com dupla isolac?o e plugue de tres pinos, dois fases e um terra, atendendo a nova norma ABNT NBR 14136. Manual de instruc?es em portugues. Custo da assistencia tecnica por conta do fornecedor ou do fabricante durante todo periodo de garantia (transportadora ou correios para envio e retorno). Garantia de 01 (um) ano fornecida pelo fabricante.	UNIDADE	5208 - APARELHOS, EQUIP. E UTENS. MED., ODONT., LABOR. E HOSP.	1	R$ 2.500,00	R$ 2.500,00
	1330	5208000000488	150721	Específico		CAPELA DE EXAUSTAO DE GASES 3	Capela química, aplicação exaustão de gases em laboratório, características adicionais porta vidro, painel, iluminação, tubo saída 100mm, com motor tipo monofásico 1/8 hp, material fibra de vidro laminado, dimensões externa em cm: largura 150, altura 90, profundidade 70; Bivolt.	UNIDADE	5208 - APARELHOS, EQUIP. E UTENS. MED., ODONT., LABOR. E HOSP.	1	R$ 3.600,00	R$ 3.600,00
	1330	5208000000503	432131	Específico		BALANCA ANALITICA.	Balança precisão eletrônica, capacidade máxima 2kg, resolução 0,01g, tipo painel visor LCD frontal, características adicionais semi-analítica, sem capela de proteção -  Funções de pesagem, contagem de peças e porcentagem de acumulação; Calibração externa ou interna com vários pontos utilizando peso padrão; Unidades de Pesagem: "g", "ct", "oz", "dwt", "ozt", "lb", "gn", "kg", "t", "gms", "alcatrão", "tmr";. Tela: Grande Tela LCD com luz de fundo (retro iluminação).  Saída de dados: Interface RS 232; Tamanho da bandeja: &#934;85 mm; Bandeja: Totalmente em Aço Inox; Capela: Plástico ABS Ultra Resistente; Alimentação: DC9V/500mA ou 6V/1.3Ah bateria recarregável. GARANTIA 12 MESES	UNIDADE	5208 - APARELHOS, EQUIP. E UTENS. MED., ODONT., LABOR. E HOSP.	1	R$ 1.200,00	R$ 1.200,00
	1330	5208000000505	24910	Específico		VISCOSÍMETRO	Viscosímetro tipo copo Ford em Alumínio - Kit completo com orifícios 2, 3, 4, 5, 6 e 8, com nível bolha circular	UNIDADE	5208 - APARELHOS, EQUIP. E UTENS. MED., ODONT., LABOR. E HOSP.	1	R$ 950,00	R$ 950,00
	1330	5208000000531	419821	Específico		ESTUFA DE SECAGEM  150 LITROS	Estufa de secagem, revestida internamente em aço inox, faixa de temperatura de 200ºC. Controlador de temperatura digital microcontrolado programável. Volume 150 litros. Alimentação: 110 / 220 V - Potencia: 1100 W.	UNIDADE	5208 - APARELHOS, EQUIP. E UTENS. MED., ODONT., LABOR. E HOSP.	1	R$ 3.300,00	R$ 3.300,00
	1330	5208000000570	138088	Específico		FORNO MUFLA	FORNO MUFLA DIGITAL microprocessado com 1 rampa e 1 patamar - dimensões internas 40x20x20cm - 220 volts watts= 3720.  Faixa inicial de trabalho em 300ºc; temperatura máxima de trabalho: 1200ºc; construído em chapa de aço tratada, revestida com epóxi eletrostático; isolamento térmico evitando alto aquecimento da parte exterior; painel de comando lateral para melhor visualização; resistências fio, embutidas e m refratários; porta com contrapeso e abertura tipo bandeja. Garantida mínima de 12 meses.	UNIDADE	5208 - APARELHOS, EQUIP. E UTENS. MED., ODONT., LABOR. E HOSP.	1	R$ 3.340,00	R$ 3.340,00
	1330	5208000000639	416187	Específico		MANTA AQUECEDORA.	Corpo em alumínio com revestimento epóxi; Resistência de fio kanthal, alojada em toda extensão do ninho garantindo maior homogeneidade de temperatura e garantindo temperaturas até 500ºC (no ninho); Não produz faísca em nenhuma parte do seu sistema eletrônico resultando em maior segurança; isolação térmica e elétrica; Base do tamanho maior da parte do ninho garantindo maior estabilidade ao equipamento, Possui regulador de potência com numeração de 1 a 10; Capacidade do balão: 500ml;	UNIDADE	5208 - APARELHOS, EQUIP. E UTENS. MED., ODONT., LABOR. E HOSP.	1	R$ 468,00	R$ 468,00
	1330	5208000000643	25828	Específico		PLUVIÔMETRO	PLUVIÔMETRO AUTOMÁTICO COM REGISTRADOR DE DADOS RG5-M	UNIDADE	5208 - APARELHOS, EQUIP. E UTENS. MED., ODONT., LABOR. E HOSP.	1	R$ 600,00	R$ 600,00
	1330	5208000000647	464976	Específico		MEDIDOR DE CONDUTIVIDADE DE BOLSO	MEDIDOR DE CONDUTIVIDADE DE BOLSO  CONDUTIVÍMETRO, TIPO LEITURAS: ANALISADOR TÉRMICO DAS CONSTANTE, TIPO ESCALA: AUTO RANGE, CONDUTIVIDADE FAIXA MEDIÇÃO: 0,003 A 100 W,M.K, RESOLUÇÃO: REPRODUTIBILIDADE MÍNIMA 2%, PRECISÃO RELATIVA: 5 PER, APLICAÇÃO: CONDUTIVIDADE TÉRMICA.	UNIDADE	5208 - APARELHOS, EQUIP. E UTENS. MED., ODONT., LABOR. E HOSP.	1	R$ 500,00	R$ 500,00
	1330	5208000000649	441768	Específico		REFRATÓMETRO DIGITAL	REFRATOMETRO DIGITAL PARA MEDIÇÃO DE AÇUCAR 0-85%BRIX EM INDUSTRIA ALIMENTICIA BRIX  REFRATÔMETRO, TIPO APARELHO: ABBE DE BANCADA, TIPO DISPLAY: DIGITAL, APLICAÇÃO: P, AMOSTRAS LÍQUIDAS, VISCOSAS OU SÓLIDAS, FAIXA MEDIÇÃO: ATÉ 95 % BRIX, FAIXA MEDIÇÃO 1: CERCA DE 1.3000 A 1.7100 ND, COMPONENTES: C, SAÍDA PARA BANHO TERMOSTÁTICO.	UNIDADE	5208 - APARELHOS, EQUIP. E UTENS. MED., ODONT., LABOR. E HOSP.	62	R$ 1.200,00	R$ 74.400,00
	1330	5208000000671	462134	Específico		BÚSSOLA BRUNTON	DESCRIÇÃO NO SIASGNET:BÚSSOLA NAVEGAÇÃO, MATERIAL: ALUMÍNIO, MODELO: BRUNTON, TIPO: PRECISÃO. DESCRIÇÃO DO MODELO: BÚSSOLA GEOLÓGICA POCKET TRANSIT 5008 TIPO BRUNTON.	UNIDADE	5208 - APARELHOS, EQUIP. E UTENS. MED., ODONT., LABOR. E HOSP.	5	R$ 500,00	R$ 2.500,00
	1330	5208000000761	453524	Específico		BANHO ULTRATERMOSTATICO	BANHO ULTRATERMOSTÁTICO com recirculação interna/externa, volume de líquido: 10 litros, faixa de temperatura: -10 a +100 ºC, tipo ajuste: digital microprocessado, outros componentes: bomba de circulação, vazão: até 20 litros por minuto. Tensão de alimentação: 220 V.a	UNIDADE	5208 - APARELHOS, EQUIP. E UTENS. MED., ODONT., LABOR. E HOSP.	1	R$ 4.088,00	R$ 4.088,00
	1333	3011000000011	347290	Especial		ACIDO SULFURICO	ÁCIDO SULFÚRICO, ASPECTO FÍSICO LÍQUIDO INCOLOR, FUMEGANTE, VISCOSO, CRISTALINO, FÓRMULA QUÍMICA H2SO4, MASSA MOLECULAR 98,09, GRAU DE PUREZA PUREZA MÍNIMA DE 99,99%, CARACTERÍSTICA ADICIONAL REAGENTE P.A., NÚMERO DE REFERÊNCIA QUÍMICA CAS 7664-93-9. FRASCO 1000 ML	UNIDADE	3011 - MATERIAL QUIMICO	6	R$ 100,00	R$ 600,00
	1333	3011000000016	353076	Especial		GLICEROL	GLICEROL, ASPECTO FÍSICO LÍQUIDO VISCOSO, INCOLOR, HIGROSCÓPICO, FÓRMULA QUÍMICA C3H8O3, PESO MOLECULAR 92,09, TEOR DE PUREZA PUREZA MÍNIMA DE 99,5%, CARACTERÍSTICA ADICIONAL REAGENTE P.A., NÚMERO DE REFERÊNCIA QUÍMICA CAS 56-81-5. FRASCO 1000 ML	UNIDADE	3011 - MATERIAL QUIMICO	1	R$ 50,00	R$ 50,00
	1333	3011000000057	348805	Especial		CLOROFORMIO - 99,5	ASPECTO FÍSICO LÍQUIDO CLARO, INCOLOR, ODOR FORTE CARACTERÍSTICO, PESO MOLECULAR 119,38 G/MOL, FÓRMULA QUÍMICA CHCL3, GRAU DE PUREZA PUREZA MÍNIMA DE 99,8%, CARACTERÍSTICA ADICIONAL REAGENTE P.A., NÚMERO DE REFERÊNCIA QUÍMICA CAS 67-66-3	Litro	3011 - MATERIAL QUIMICO	2	R$ 35,00	R$ 70,00
	1333	3011000000058	352740	Especial		ÉTER DE PETRÓLEO	éter de petróleo, aspecto físico líquido incolor, límpido, com odor de gasolina, fórmula química mistura de hidrocarbonetos derivados do petróleo, faixa de destilação destilados entre 30¨ e 60¨c, teor de pureza pureza mínima de 99,5%, característica adicional reagente p.a., número de referência química cas 8032-32-4. FRASCO 1000 ml	UNIDADE	3011 - MATERIAL QUIMICO	1	R$ 161,16	R$ 161,16
	1333	3011000000067	412630	Especial		UREIA CH4N20 PUREZA MINIMA 99%	URÉIA, ASPECTO FÍSICO PÓ INCOLOR A ESBRANQUIÇADO, CRISTALINO, PESO MOLECULAR 60,06, FÓRMULA QUÍMICA CH4N2O, GRAU DE PUREZA PUREZA MÍNIMA DE 99, CARACTERÍSTICA ADICIONAL REAGENTE P.A./ ACS, NÚMERO DE REFERÊNCIA QUÍMICA CAS 57-13-6. FRASCO DE 1KG.	FRASCO	3011 - MATERIAL QUIMICO	3	R$ 12,75	R$ 38,25
	1333	3011000000069	351610	Especial		ACIDO CITRICO	ácido cítrico, aspecto físico cristal incolor, inodoro, sabor ácido agradável, fórmula química c6h8o7 anidro, peso molecular 192,12, pureza mínima pureza mínima de 99,5%, característica adicional reagente p.a. acs, número de referência química* cas 77-92-9. FRASCO DE 1 KG	KG.	3011 - MATERIAL QUIMICO	4	R$ 39,36	R$ 157,44
	1333	3011000000070	352710	Especial		ACIDO FOSFORICO	ácido fosfórico, aspecto físico líquido incolor, inodoro, fórmula química h3po4, peso molecular 98,00, teor de pureza teor mínimo de 85%, característica adicional reagente p.a., número de referência química cas 7664-38-2. FRASCO 1000 ML	UNIDADE	3011 - MATERIAL QUIMICO	4	R$ 116,78	R$ 467,12
	1333	3011000000088	348074	Especial		CARVÃO ATIVADO	carvão ativado, aspecto físico grânulo preto, inodoro, peso molecular 12,01, fórmula química c, grau de pureza pureza mínima de 90%, característica adicional granulometria específica, número de referência química cas 7440-44-0. FRASCO 500 G	UNIDADE	3011 - MATERIAL QUIMICO	1	R$ 84,04	R$ 84,04
	1333	3011000000110	353071	Especial		IODETO DE POTÁSSIO	IODETO DE POTÁSSIO, FÓRMULA QUÍMICA KI, MASSA MOLAR 166,01 G/MOL, NÚMERO DE REFERÊNCIA QUÍMICA CAS 7681-11-0, GRAU DE PUREZA MÍNIMO DE 99,5%, CARACTERÍSTICAS ADICIONAIS REAGENTE P.A. ACS, FRASCO DE 1 KG, FORNECIDO COM FICHA DE INFORMAÇÕES DE SEGURANÇA DE PRODUTOS QUÍMICOS (FISPQ), DATA DE FABRICAÇÃO NÃO ANTERIOR À 6 MESES DA DATA DE ENTREGA OU PRAZO DE VALIDADE MÍNIMO DE 3 ANOS A CONTAR DA DATA DE ENTREGA.	FRASCO	3011 - MATERIAL QUIMICO	35	R$ 99,04	R$ 3.466,40
	1333	3011000000111	353038	Especial		IODO - RESSUBLIMADO	iodo, aspecto físico cristal preto azulado, de brilho metálico, peso molecular 253,81, composição química i2, teor de pureza pureza mínima de 99,8%, característica adicional ressublimado, reagente p.a. acs iso, número de referência química cas 7553-56-2. FRASCO 100 G	UNIDADE	3011 - MATERIAL QUIMICO	30	R$ 154,44	R$ 4.633,20
	1333	3011000000118	358986	Especial		NITRATO DE MAGNÉSIO	NITRATO DE MAGNÉSIO, ASPECTO FÍSICO CRISTAL BRANCO, INODORO, HIGROSCÓPICO, FÓRMULA QUÍMICA MG(NO3)2.6H2O (HEXAHIDRATADO), PESO MOLECULAR 256,41, GRAU DE PUREZA PUREZA MÍNIMA DE 98, CARACTERÍSTICA ADICIONAL REAGENTE P.A., NÚMERO DE REFERÊNCIA QUÍMICA CAS 13446-18-9. FRASCO 500 G	UNIDADE	3011 - MATERIAL QUIMICO	1	R$ 122,77	R$ 122,77
	1333	3011000000125	317830	Especial		SÍLICA GEL	SÍLICA GEL -SÍLICA GEL, COMPOSIÇÃO SIO2 COM INDICADOR DE UMIDADE, COR AZUL, ASPECTO FÍSICO GRANULADO, APLICAÇÃO DESUMIDIFICAR E DESIDRATAR GASES, TAMANHO GRÃO 1 A 3.frasco 500g.	UNIDADE	3011 - MATERIAL QUIMICO	8	R$ 47,08	R$ 376,64
	1333	3011000000189	348275	Especial		ÁLCOOL PROPÍLICO	ÁLCOOL PROPÍLICO, ASPECTO FÍSICO LÍQUIDO LÍMPIDO, INCOLOR, ODOR CARACTERÍSTICO , FÓRMULA QUÍMICA (CH3)2CHOH (ISOPROPÍLICO OU ISO-PROPANOL), PESO MOLECULAR* 60,10 G/MOL, GRAU DE PUREZA PUREZA MÍNIMA DE 99,5%, CARACTERÍSTICA ADICIONAL REAGENTE P.A., NÚMERO DE REFERÊNCIA QUÍMICA CAS 67-63-0	Litro	3011 - MATERIAL QUIMICO	23	R$ 23,00	R$ 529,00
	1333	3011000000190	345906	Especial		ACIDO ACETICO	ÁCIDO ACÉTICO, ASPECTO FÍSICO LÍQUIDO LÍMPIDO TRANSPARENTE, PESO MOLECULAR 60,05 G/MOL, FÓRMULA QUÍMICA C2H4O2, GRAU DE PUREZA PUREZA MÍNIMA DE 99,7%, CARACTERÍSTICA ADICIONAL GLACIAL,REAGENTE P.A.-ACS-ISO, NÚMERO DE REFERÊNCIA QUÍMICA CAS 64-19-7	Litro	3011 - MATERIAL QUIMICO	7	R$ 23,00	R$ 161,00
	1333	3011000000191	350030	Especial		ETILENOGLICOL.	ETILENOGLICOL (ETANO-1,2-DIOL), ASPECTO FÍSICO LÍQUIDO INCOLOR, ODOR ADOCICADO , PESO MOLECULAR 62,07 G/MOL, FÓRMULA QUÍMICA C2H6O2, GRAU DE PUREZA PUREZA MÍNIMA DE 99,5%, CARACTERÍSTICA ADICIONAL REAGENTE P.A., NÚMERO DE REFERÊNCIA QUÍMICA CAS 107-21-1	Litro	3011 - MATERIAL QUIMICO	1	R$ 34,00	R$ 34,00
	1333	3011000000193	346521	Especial		DICLOROMETANO	DICLOROMETANO, ASPECTO FÍSICO LÍQUIDO CLARO, INCOLOR, FÓRMULA QUÍMICA CH2CL2, MASSA MOLECULAR 84,93, GRAU DE PUREZA PUREZA MÍNIMA DE 99, CARACTERÍSTICA ADICIONAL REAGENTE P.A., NÚMERO DE REFERÊNCIA QUÍMICA CAS 75-09-2	Litro	3011 - MATERIAL QUIMICO	3	R$ 25,00	R$ 75,00
	1333	3011000000196	355207	Especial		HIDRÓXIDO DE SÓDIO.	HIDRÓXIDO DE SÓDIO, ASPECTO FÍSICO EM LENTILHAS OU MICRO PÉROLAS ESBRANQUIÇADAS, PESO MOLECULAR 40, FÓRMULA QUÍMICA NAOH, GRAU DE PUREZA MÍNIMA DE 98%, CARACTERÍSTICA ADICIONAL REAGENTE P.A. NÚMERO DE REFERÊNCIA QUÍMICA CAS 1310-73-2. FRASCO COM  500G	FRASCO	3011 - MATERIAL QUIMICO	2	R$ 25,92	R$ 51,84
	1333	3011000000200	437237	Especial		CLORETO DE COBRE	CLORETO DE COBRE, ASPECTO FÍSICO PÓ, FÓRMULA QUÍMICA CUCL2 X 2H2O (CLORETO DE COBRE II DIHIDRATADO), PESO MOLECULAR 170,48, CARACTERÍSTICA ADICIONAL REAGENTE P.A. ACS, PUREZA MÍNIMA PUREZA MÍNIMA DE 99, NÚMERO DE REFERÊNCIA QUÍMICA CAS 10125-13-0. FRASCO 250G	FRASCO	3011 - MATERIAL QUIMICO	1	R$ 140,00	R$ 140,00
	1333	3011000000201	412635	Especial		CARBONATO DE CÁLCIO	CARBONATO DE CÁLCIO, ASPECTO FÍSICO PRECIPITADO,PÓ BRANCO, FINO, INODORO, HIGROSCÓPICO, PESO MOLECULAR 100,09, FÓRMULA QUÍMICA CACO3, GRAU DE PUREZA PUREZA MÍNIMA DE 99, CARACTERISTICA ADICIONAL REAGENTE P.A., NÚMERO DE REFERÊNCIA QUÍMICA CAS 471-34-1. FRASCO 500G	FRASCO	3011 - MATERIAL QUIMICO	16	R$ 12,80	R$ 204,80
	1333	3011000000203	361550	Especial		ÓXIDO DE ZINCO	ÓXIDO DE ZINCO, ASPECTO FÍSICO PÓ FINÍSSIMO, BRANCO AMARELADO, INODORO, FÓRMULA QUÍMICA ZNO, PESO MOLECULAR 81,38, GRAU DE PUREZA PUREZA MÍNIMA DE 99, NÚMERO DE REFERÊNCIA QUÍMICA CAS 1314-13-2. FRASCO 500G	FRASCO	3011 - MATERIAL QUIMICO	5	R$ 25,60	R$ 128,00
	1333	3011000000207	347546	Especial		ÓXIDO DE MANGANES	ÓXIDO DE MANGANÊS, ASPECTO FÍSICO PÓ MARROM ESCURO, FÓRMULA QUÍMICA MNO2, PESO MOLECULAR 86,94, GRAU DE PUREZA PUREZA MÍNIMA DE 90, CARACTERÍSTICA ADICIONAL REAGENTE P.A., NÚMERO DE REFERÊNCIA QUÍMICA CAS 1313-13-9. FRASCO 500G	FRASCO	3011 - MATERIAL QUIMICO	11	R$ 98,00	R$ 1.078,00
	1333	3011000000208	361104	Especial		ÁCIDO OLÉICO	ÁCIDO OLÉICO, ASPECTO FÍSICO LÍQUIDO INCOLOR À LEVEMENTE AMARELADO, PURIFICADO , FÓRMULA QUÍMICA C18H34O2, PESO MOLECULAR 282,46 G/MOL, GRAU DE PUREZA PUREZA MÍNIMA DE 99%, CARACTERÍSTICA ADICIONAL REAGENTE P.A., NÚMERO DE REFERÊNCIA QUÍMICA CAS 112-80-1	Litro	3011 - MATERIAL QUIMICO	4	R$ 43,00	R$ 172,00
	1333	3011000000210	356173	Especial		ÁCIDO NÍTRICO.	ÁCIDO NÍTRICO, ASPECTO FÍSICO LÍQUIDO LÍMPIDO, INCOLOR À AMARELADO,ODOR SUFOCANT E, FÓRMULA QUÍMICA HNO3, PESO MOLECULAR 63,01 G/MOL, GRAU DE PUREZA TEOR MÍNIMO DE 65%, CARACTERÍSTICA ADICIONAL REAGENTE P.A., NÚMERO DE REFERÊNCIA QUÍMICA CAS 7697-37-2	Litro	3011 - MATERIAL QUIMICO	2	R$ 40,00	R$ 80,00
	1333	3011000000212	286853	Especial		RESINA EPÓXI	RESINA, COMPOSIÇÃO EPÓXI E AMINA, ASPECTO FÍSICO LÍQUIDA FLUIDA, NÃO IÔNICA, ODOR CARACTERÍSTICO, COR CINZA E CREME, SOLUBILIDADE INSOLÚVEL EM ÁGUA - CONJUNTO COM NO MINIMO 1,5KG	CONJUNTO	3011 - MATERIAL QUIMICO	7	R$ 100,00	R$ 700,00
	1333	3011000000216	234417	Especial		SOLUÇÃO TAMPAO	SOLUÇÃO TAMPÃO, LEITURA PH 7,0, APLICAÇÃO CALIBRAGEM DE PEAGÂMETRO. FRASCO 500 ML	FRASCO	3011 - MATERIAL QUIMICO	3	R$ 11,00	R$ 33,00
	1333	3011000000217	234416	Especial		SOLUÇÃO TAMPAO.	SOLUÇÃO TAMPÃO, LEITURA PH 4,0, APLICAÇÃO CALIBRAGEM DE PEAGÂMETRO. FRASCO 500 ML	FRASCO	3011 - MATERIAL QUIMICO	3	R$ 11,79	R$ 35,37
	1333	3011000000219	289050	Especial		SOLUCAO TAMPAO	SOLUÇÃO TAMPÃO, LEITURA PH 10, APLICAÇÃO CALIBRAGEM DE PEAGÂMETRO. FRASCO 500 ML	FRASCO	3011 - MATERIAL QUIMICO	4	R$ 16,16	R$ 64,64
	1333	3011000000220	272208	Especial		GRAXA	GRAXA - SILICONE, ASPECTO FÍSICO PASTOSA, CONSISTÊNCIA BAIXA, COMPOSIÇÃO POLÍMERO DE METIL SILOXANO, COR BRANCA, USO LUBRIFICANTE, APLICAÇÃO VIDRARIA LABORATÓRIO. FRASCO 50G	FRASCO	3011 - MATERIAL QUIMICO	2	R$ 27,51	R$ 55,02
	1333	3011000000222	127655	Especial		OLEO E GRAXA	ÓLEOS E GRAXAS PARA CORTE, LUBRIFICAÇÃO E SISTEMAS HIDRÁULICOS, NOME ÓLEOS E GRAXAS PARA CORTE, LUBRIFICAÇÃO . ESPECIFICAÇÃO ADICIONAL: TIPO ISO VG 68, CLASSIFICAÇÃO TIPO HL. GALÃO 5,00 L	GALAO	3011 - MATERIAL QUIMICO	11	R$ 48,00	R$ 528,00
	1333	3011000000245	0	Especial		NITRITO DE SÓDIO	Nitrito de sódio, grânulos branco/amarelados, cristalinos, inodoros, NaNO2, 68,99 g/mol, pureza mínima de 99%, cas 7632-00-0.FRASCO 500G	FRASCO	3011 - MATERIAL QUIMICO	1	R$ 42,00	R$ 42,00
	1333	3011000000250	366475	Especial		FENOLFTALEÍNA	Fenolftaleína, C2OH14O4, 318,33 g/mol, cristal branco a levemente amarelado, Reagente p.a., cas 77-09-8. FRASCO 500G	FRASCO	3011 - MATERIAL QUIMICO	7	R$ 35,00	R$ 245,00
	1333	3011000000256	409510	Especial		PICNÔMETRO	Picnômetro, material vidro, capacidade 50, calibragem calibrado	UNIDADE	3011 - MATERIAL QUIMICO	7	R$ 211,00	R$ 1.477,00
	1333	3011000000264	360850	Especial		PERMANGANATO DE POTÁSSIO. 99%	PERMANGANATO DE POTÁSSIO, ASPECTO FÍSICO PÓ CRISTALINO MARROM VIOLÁCEO, INODORO, FÓRMULA QUÍMICA KMNO4, PESO MOLECULAR 158,03, GRAU DE PUREZA PUREZA MÍNIMA DE 99, CARACTERÍSTICA ADICIONAL REAGENTE P.A. ACS ISO, NÚMERO DE REFERÊNCIA QUÍMICA CAS 7722-64-7	FRASCO	3011 - MATERIAL QUIMICO	1	R$ 28,80	R$ 28,80
	1333	3011000000298	348909	Especial		ÁCIDO ETILENODIAMINOTETRACÉTICO (EDTA)	ÁCIDO ETILENODIAMINOTETRACÉTICO (EDTA), ASPECTO FÍSICO PÓ BRANCO CRISTALINO, PESO MOLECULAR 372,24, FÓRMULA QUÍMICA C10H14N2O8NA2.2H2O (SAL DISSÓDICO DIHIDRATADO), GRAU DE PUREZA MÍNIMA DE 99%, CARACTERÍSTICA ADICIONAL REAGENTE ACS, NÚMERO DE REFERÊNCIA QUÍMICA CAS 6381-92-6. FRASCO DE 500G.	FRASCO	3011 - MATERIAL QUIMICO	1	R$ 70,00	R$ 70,00
	1333	3011000000341	355880	Especial		BICARBONATO DE SÓDIO NAHCO3	BICARBONATO DE SÓDIO, Sinônimo hidrogenocarbonato de sódio, fórmula química NaHCO3, massa molar 84,01 g/mol, número de referência química CAS 144-55-8, grau de pureza mínimo 99,7%, características adicionais reagente P.A. A.C.S, frasco de 1Kg, fornecido com ficha de informações de segurança de produtos químicos (FISPQ), data de fabricação não anterior à 6 meses da data de entrega ou prazo de validade mínimo de 3 anos a contar da data de entrega. Produto Controlado pela Polícia Federal	FRASCO	3011 - MATERIAL QUIMICO	4	R$ 17,96	R$ 71,84
	1333	3011000000342	347387	Especial		BIFTALATO DE POTÁSSIO C8H5KO4	BIFTALATO DE POTÁSSIO. Sinônimo hidrogenoftalato de potássio, fórmula química C8H5KO4, massa molar 204,22 g/mol, número de referência química CAS 877-24-7, grau de pureza mínimo de 99,95%, características adicionais reagente padrão primário P.A. ACS, frasco de 500 g, fornecido com ficha de informações de segurança de produtos químicos (FISPQ), data de fabricação não anterior à 6 meses da data de entrega ou prazo de validade mínimo de 3 anos a contar da data de entrega	FRASCO	3011 - MATERIAL QUIMICO	2	R$ 107,18	R$ 214,36
	1333	3011000000407	347797	Especial		HIDRÓXIDO DE POTÁSSIO - KOH	HIDRÓXIDO DE POTÁSSIO, Fórmula química KOH, massa molar 56,11 g/mol, número de referência química CAS 1310-58-3, grau de pureza mínimo de 85%, características adicionais em lentilhas, reagente P.A, frasco de 1 Kg, fornecido com ficha de informações de segurança de produtos químicos (FISPQ), data de fabricação não anterior à 6 meses da data de entrega ou prazo de validade mínimo de 3 anos a contar da data de entrega. Produto controlado pela Polícia Federal.	FRASCO	3011 - MATERIAL QUIMICO	4	R$ 80,00	R$ 320,00
	1333	3011000000583	362992	Especial		ACETATO DE ETILA	ACETATO DE ETILA, ASPECTO FISICO LIQUIDO INCOLOR, LIMPIDO, INFLAMAVEL, PUREZA MINIMA PUREZA MINIMA DE 99,9%, COMPOSIC?O QUIMICA C4H8O2, PESO MOLECULAR 88,11, CARACTERISTICA ADICIONAL REAGENTE UV/HPLC, NUMERO DE REFERENCIA QUIMICA CAS 141-78-6	Litro	3011 - MATERIAL QUIMICO	1	R$ 910,00	R$ 910,00
	1333	3011000000584	276774	Especial		ACETATO DE SODIO ANIDRO	ACETATO DE SODIO, CONCENTRACAO 2 MEQ/ML, APRESENTACAO SOLUCAO INJETAVEL Acetato de sodio P.A kg. Validade minima de 12 meses a partir da data de compra. FRASCO 1KG.	QUILOGRAMA	3011 - MATERIAL QUIMICO	1	R$ 200,00	R$ 200,00
	1333	3011000000593	374270	Especial		ANILINA	ANILINA, ASPECTO FISICO LIQUIDO OLEOSO, INCOLOR, PESO MOLECULAR 93,13, FORMULA QUIMICA C6H7N, GRAU DE PUREZA MINIMO DE 99%, CARACTERISTICA ADICIONAL REAGENTE P.A., NUMERO DE REFERENCIA QUIMICA CAS 62-53-3	Litro	3011 - MATERIAL QUIMICO	2	R$ 175,00	R$ 350,00
	1333	3011000000610	412635	Especial		CARBONATO DE CALCIO	CARBONATO DE CALCIO, ASPECTO FISICO PRECIPITADO,PO BRANCO, FINO, INODORO, HIGROSCOPICO, PESO MOLECULAR 100,09, FORMULA QUIMICA CACO3, GRAU DE PUREZA PUREZA MINIMA DE 99%, CARACTERISTICA ADICIONAL REAGENTE P.A., NUMERO DE REFERENCIA QUIMICA CAS 471-34-1	GRAMA	3011 - MATERIAL QUIMICO	2	R$ 0,20	R$ 0,40
	1333	3011000000611	347951	Especial		CARBONATO DE POTASSIO	CARBONATO DE POTASSIO, ASPECTO FISICO FINOS GRANULOS BRANCOS, INODOROS, PESO MOLECULAR 138,21, FORMULA QUIMICA K2CO3 ANIDRO, GRAU DE PUREZA PUREZA MINIMA DE 99%, CARACTERISTICA ADICIONAL REAGENTE P.A./ ACS, NUMERO DE REFERENCIA QUIMICA CAS 584-08-7	KG.	3011 - MATERIAL QUIMICO	3	R$ 33,00	R$ 99,00
	1333	3011000000617	348087	Especial		CICLOHEXANO PUREZA MINIMA 99% PM 84,16	CICLOHEXANO, ASPECTO FISICO LIQUIDO CLARO, INCOLOR, ODOR CARACTERISTICO, PESO MOLECULAR 84,16, FORMULA QUIMICA C6H12, GRAU DE PUREZA PUREZA MINIMA DE 99%, CARACTERISTICA ADICIONAL REAGENTE P.A., NUMERO DE REFERENCIA QUIMICA CAS 110-82-7	Litro	3011 - MATERIAL QUIMICO	4	R$ 90,00	R$ 360,00
	1333	3011000000633	430559	Especial		CLORETO DE FERRO CRISTALINO ESVERDEADO AMARELADO	CLORETO DE FERRO, ASPECTO FISICO PO CRISTALINO ESVERDEADO AMARELADO, COMPOSICAO FECL3 (COMPOSTO ANIDRO), PESO MOLECULAR 162,21, PUREZA MINIMA PUREZA MINIMA DE 99%, NUMERO DE REFERENCIA QUIMICA CAS 7705-08-0. FRASCO 500 GR.	FRASCO	3011 - MATERIAL QUIMICO	2	R$ 60,00	R$ 120,00
	1333	3011000000640	357883	Especial		CLORETO DE POTASSIO	CLORETO DE POTÁSSIO, FÓRMULA QUÍMICA KCL, MASSA MOLAR 74,55 G/MOL, NÚMERO DE REFERÊNCIA QUÍMICA CAS 7447-40-7, GRAU DE PUREZA MÍNIMO DE 99%, CARACTERÍSTICAS ADICIONAIS REAGENTE P.A., A.C.S; FRASCO DE 500 G, FORNECIDO COM FICHA DE INFORMAÇÕES DE SEGURANÇA DE PRODUTOS QUÍMICOS (FISPQ), DATA DE FABRICAÇÃO NÃO ANTERIOR À 6 MESES DA DATA DE ENTREGA OU PRAZO DE VALIDADE MÍNIMO DE 3 ANOS A CONTAR DA DATA DE ENTREGA.	FRASCO	3011 - MATERIAL QUIMICO	2	R$ 22,10	R$ 44,20
	1333	3011000000645	347248	Especial		CLORETO DE SODIO	CLORETO DE SODIO, ASPECTO FISICO PO CRISTALINO BRANCO OU CRISTAIS INCOLORES, PESO MOLECULAR 58,45, PUREZA MINIMA PUREZA MINIMA DE 99,5%, NUMERO DE REFERENCIA QUIMICA CAS 7647-14-5	KG.	3011 - MATERIAL QUIMICO	4	R$ 15,23	R$ 60,92
	1333	3011000000730	354580	Especial		HEXANO	HEXANO, ASPECTO FISICO LIQUIDO TRANSPARENTE, PESO MOLECULAR 86,18, COMPOSIC?O QUIMICA C6H14 (N-HEXANO), TEOR DE PUREZA PUREZA MINIMA DE 95%, CARACTERISTICA ADICIONAL REAGENTE P.A. ACS, NUMERO DE REFERENCIA QUIMICA CAS 110-54-3	Litro	3011 - MATERIAL QUIMICO	5	R$ 20,00	R$ 100,00
	1333	3011000000731	347766	Especial		HIDROXIDO DE ALUMINIO	HIDRÓXIDO DE ALUMÍNIO - HIDRÓXIDO DE ALUMÍNIO, PÓ FINO, BRANCO, INODORO, AL(OH)3, 78,00 G/MOL, PUREZA MÍNIMA DE 95%, TEOR MÍNIMO DE 76% DE ALUMÍNIO, CAS 21645-51-2.frasco 250g.	FRASCO	3011 - MATERIAL QUIMICO	5	R$ 40,00	R$ 200,00
	1333	3011000000734	378329	Especial		HIDROXIDO DE SODIO EM LENTILHAS	HIDROXIDO DE SODIO, ASPECTO FISICO EM LENTILHAS OU MICRO PEROLAS ESBRANQUICADAS, PESO MOLECULAR 40, FORMULA QUIMICA NAOH, GRAU DE PUREZA PUREZA MINIMA DE 99%, CARACTERISTICA ADICIONAL REAGENTE ACS ISO, NUMERO DE REFERENCIA QUIMICA CAS 1310-73-2 Hidroxido de sodio P.A. Sinonimo soda caustica, formula quimica NaOH, massa molar 40,00 g/mol, numero de referencia quimica CAS 1310-73-2, grau de pureza minimo de 99%, caracteristicas adicionais em lentilhas, reagente P.A. ACS, frasco de 1 Kg, fornecido com ficha de informac?es de seguranca de produtos quimicos (FISPQ), data de fabricac?o n?o anterior a 6 meses da data de entrega ou prazo de validade minimo de 3 anos a contar da data de entrega.	KG.	3011 - MATERIAL QUIMICO	36	R$ 37,00	R$ 1.332,00
	1333	3011000000743	347336	Especial		ACIDO CLORIDRICO 1	ACIDO CLORIDRICO, ASPECTO FISICO LIQUIDO LIMPIDO, INCOLOR/AMARELADO, FUMEGANTE, PESO MOLECULAR 36,46, FORMULA QUIMICA HCL, TEOR TEOR MINIMO DE 37%, GRAU DE PUREZA PUREZA MINIMA DE 99%, CARACTERISTICA ADICIONAL REAGENTE P.A. / ACS, NUMERO DE REFERENCIA QUIMICA CAS 7647-01-0	Litro	3011 - MATERIAL QUIMICO	6	R$ 52,00	R$ 312,00
	1333	3011000000750	347317	Especial		ACIDO NITRICO PUREZA MINIMA DE 99%	ACIDO NITRICO, ASPECTO FISICO LIQUIDO LIMPIDO,INCOLOR A AMARELADO,ODOR SUFOCANTE, FORMULA QUIMICA HNO3, PESO MOLECULAR 63,01, GRAU DE PUREZA PUREZA MINIMA DE 99,9%, TEOR TEOR MINIMO NA FAIXA ENTRE 68 E 70%, CARACTERISTICA ADICIONAL REAGENTE ACS, PURIFICADO, REDESTILADO, NUMERO DE REFERENCIA QUIMICA CAS 7697-37-2	Litro	3011 - MATERIAL QUIMICO	4	R$ 170,00	R$ 680,00
	1333	3011000000763	348259	Especial		ALCOOL BUTILICO TERCIARIO	ALCOOL BUTILICO, ASPECTO FISICO LIQUIDO LIMPIDO,INCOLOR,ODOR FORTE CARACTERISTICO, PESO MOLECULAR 74,12, FORMULA QUIMICA C4H9OH TERCIARIO (TERC-BUTANOL), GRAU DE PUREZA PUREZA MINIMA DE 99%, CARACTERISTICA ADICIONAL REAGENTE P.A., NUMERO DE REFERENCIA QUIMICA CAS 75-65-0	Litro	3011 - MATERIAL QUIMICO	5	R$ 150,00	R$ 750,00
	1333	3011000000778	352687	Especial		ÁCIDO FLUORÍDRICO (HF)	ÁCIDO FLUORÍDRICO, ASPECTO FÍSICO LÍQUIDO INCOLOR, FUMEGANTE, ODOR ÁCIDO, PESO MOLECULAR 20,01, FÓRMULA QUÍMICA HF, TEOR DE PUREZA TEOR MÍNIMO DE 48, CARACTERÍSTICA ADICIONAL REAGENTE P.A. ACS ISO, NÚMERO DE REFERÊNCIA QUÍMICA CAS 7664-39-3.FRASCO 1,0 LITRO	FRASCO	3011 - MATERIAL QUIMICO	2	R$ 261,93	R$ 523,86
	1333	3011000000797	327370	Especial		CORANTE - ALARANJADO DE METILA	CORANTE, TIPO ALARANJADO DE METILA, ASPECTO FÍSICO PÓ, CARACTERÍSTICAS ADICIONAIS CI 13025. FRASCO 25 G.	FRASCO	3011 - MATERIAL QUIMICO	2	R$ 18,33	R$ 36,66
	1333	3011000000822	412727	Especial		NITRATO FÉRRICO III FE (NO3)3	NITRATO DE FERRO, ASPECTO FÍSICO CRISTAIS INCOLORES A VIOLETA PÁLIDO, HIGROSCÓPICOS, PESO MOLECULAR 404,00, COMPOSIÇÃO QUÍMICA FE (NO3) 3.9H2O (FERRO III NONAHIDRATADO), GRAU DE PUREZA MÍNIMA DE 98, CARACTERÍSTICA ADICIONAL REAGENTE P.A. / ACS, NÚMERO DE REFERÊNCIA QUÍMICA CAS 7782-61-8.FRASCO 500G.	FRASCO	3011 - MATERIAL QUIMICO	1	R$ 74,31	R$ 74,31
	1333	3011000000903	345903	Especial		ACETONA	ACETONA, ASPECTO FÍSICO LÍQUIDO LÍMPIDO TRANSPARENTE, FÓRMULA QUÍMICA C3H6O, MASSA MOLECULAR 58,08, GRAU DE PUREZA MÍNIMA DE 99,5%, CARACTERÍSTICA ADICIONAL REAGENTE P.A. ACS, NÚMERO DE REFERÊNCIA QUÍMICA CAS 67-64-1.frasco 1 ltro	FRASCO	3011 - MATERIAL QUIMICO	19	R$ 37,06	R$ 704,14
	1333	3011000000937	347735	Especial		SULFATO DE SÓDIO (NA2SO4)	SULFATO DE SÓDIO, ASPECTO FÍSICO FINOS GRÂNULOS BRANCOS CRISTALINOS, INODOROS, PESO MOLECULAR 142,04, FÓRMULA QUÍMICA NA2.SO4 ANIDRO, GRAU DE PUREZA MÍNIMA DE 99, CARACTERÍSTICA ADICIONAL REAGENTE USP, NÚMERO DE REFERÊNCIA QUÍMICA CAS 7757-82-6.frasco 1 kg.	FRASCO	3011 - MATERIAL QUIMICO	1	R$ 26,53	R$ 26,53
	1333	3011000000949	464232	Especial		PARAFINA EM PASTILHA	PARAFINA, ASPECTO FÍSICO: HISTOLÓGICA, SÓLIDA, BRANCA, PONTO FUSÃO: 58 A 62 °C, APRESENTAÇÃO: EM PASTILHA	Kg	3011 - MATERIAL QUIMICO	4	R$ 29,50	R$ 118,00
	1333	3011000000959	412575	Especial		ÓXIDO DE CÁLCIO FRASCO  500G	ÓXIDO DE CÁLCIO, ASPECTO FÍSICO: PÓ BRANCO OU LEVEMENTE AMARELADO, INODORO, PESO MOLECULAR: 56,08 G,MOL, FÓRMULA QUÍMICA: CAO, GRAU DE PUREZA: PUREZA MÍNIMA DE 95%, CARACTERÍSTICA ADICIONAL: REAGENTE P.A., ACS, NÚMERO DE REFERÊNCIA QUÍMICA: CAS 1305-78-8	GRAMA	3011 - MATERIAL QUIMICO	6	R$ 27,00	R$ 162,00
	1333	3011000000974	407166	Especial		METACRILATO DE METILA, 99% PA, 1L	METACRILATO, ASPECTO FÍSICO: LÍQUIDO INCOLOR, ODOR CARACTERÍSTICO, FÓRMULA QUÍMICA: CH2=C(CH3)COOCH3 (METACRILATO DE METILA), PESO MOLECULAR: 100,12 G,MOL, GRAU DE PUREZA: PUREZA MÍNIMA DE 99%, NÚMERO DE REFERÊNCIA QUÍMICA: CAS 80-62-6	LITRO	3011 - MATERIAL QUIMICO	2	R$ 306,00	R$ 612,00
	1333	3011000000992	443697	Especial		BUTIL METACRILATO	METACRILATO, COMPOSIÇÃO QUÍMICA: BUTIL METACRILATO, FÓRMULA QUÍMICA : C8H14O2, ASPECTO FÍSICO : LÍQUIDO, MASSA MOLAR : 142,20 G,MOL, GRAU DE PUREZA : PUREZA MÍNIMA DE 99%, NÚMERO DE REFERÊNCIA QUÍMICA : CAS 97-88-1. FRASCO DE 1,0 LITRO	FRASCO	3011 - MATERIAL QUIMICO	1	R$ 431,00	R$ 431,00
	1333	3011000000993	434601	Especial		GLICIDÓXI SILANO	SILANO, 3-GLICIDOXIPROPILTRIMETOXISILANO, FÓRMULA QUÍMICA C9H20O5SI, ASPECTO FÍSICO LÍQUIDO INCOLOR, PESO MOLECULAR 236,34 G/MOL, GRAU DE PUREZA MÍNIMA DE 98%, NÚMERO DE REFERÊNCIA QUÍMICA CAS 2530-83-8, FRASCO DE 100 ML	UNIDADE	3011 - MATERIAL QUIMICO	1	R$ 293,00	R$ 293,00
	1334	5204000000228	24937	Específico		ESPECTROFOTOMETRO	Espectrofotometro UV-VIS, uso laboratorio, duplo feixe eletronico, lampadas tungstenio/halogenio, comprimento onda 190 a 1100mm, largura de banda 5mm, com ponentes sistema de fluxo continuo, acompanha 4 cubetas de vidro otico retangular 10 x 45mm, 110/220v.	UNIDADE	5204 - APARELHOS DE MEDICAO E ORIENTACAO	1	R$ 17.500,00	R$ 17.500,00
	1334	5204000000251	239855	Específico		MULTIMETRO DIGITAL	MULTIMETRO, Tensão 1000 V, tensão AC 750 V, corrente DC 20 A, corrente Ac 20 A, frequencia 200 KHZ, características adicionais teste de diodo, teste de HFE, precisão de 0,1, tipo digital.	UNIDADE	5204 - APARELHOS DE MEDICAO E ORIENTACAO	23	R$ 1.000,00	R$ 23.000,00
	1334	5204000000258	271427	Específico		BALANCA ANALÍTICA PRECISAO	Balança precisão com quatro casas decimais. Capacidade 210 gramas. Precisão de 0,0001g / 0,1mg. Câmara de pesagem com janelas corrediças, moldadas em vidro temperado. Estrutura externa em metal coberto por pintura epóxi e interna em aço inoxidável; prato em inox com diâmetro de 75 a 80mm.Temperatura de operação: 5-40°C. Display digital luminoso. Calibração automática. DESCRIÇÃO COMPLEMENTAR NO SIPAC E/OU TR	UNIDADE	5204 - APARELHOS DE MEDICAO E ORIENTACAO	1	R$ 2.335,00	R$ 2.335,00
	1334	5204000000259	343523	Específico		BALANÇA ELETRONICA, CAPACIDADE PESAGEM 8.000G	BALANÇA ELETRÔNICA, CAPACIDADE PESAGEM 8.000G, VOLTAGEM 220/240, CARACTERÍSTICAS ADICIONAIS DIVISÃO /- 0,1G, TEMPO DE ESTABILIZAÇÃO AJUSTÁVEL, TIPO PRECISÃO SEMI-ANALÍTICA, SENSIBILIDADE 0,10, FREQUÊNCIA 50/60.	UNIDADE	5204 - APARELHOS DE MEDICAO E ORIENTACAO	3	R$ 1.550,00	R$ 4.650,00
	1334	5204000000260	150135	Específico		PAQUIMETRO UNIVERSAL.	Paquimetro Universal em aço inoxidável temperado, graduação 0,05MM-1/128"/ CAP.150MM/6	UNIDADE	5204 - APARELHOS DE MEDICAO E ORIENTACAO	27	R$ 136,00	R$ 3.672,00
	1334	5204000000268	24821	Específico		MEDIDOR ÍNDICE ACIDEZ	PHMETRO DE BANCADA MICROPROCESSADO - Equipamento com as seguintes configurações: Faixa de medição de ph: 0 a 14 ph. Selecao de resolucao de ph: 0,1 / 0,01 / 0,001 ph. Precisao relativa de H 0,01% (fe). Pontos de calibracao: 2 / 3 / 5. Faixa de medicao de mv: ± 1999,9 mv. Selecao de resolucao de mv: 1 / 0,1 mv. Precisao relativa de mv: 0,01% (fe). Temperatura: -20 a 120ºc. Resolucao da temperatura: 0,1 / 1ºc. Precisao da temperatura: 0,08% (fe). Concentracao: faixa de medicao: 0,01 a 99,99. Selecao de resolucao: 1 / 0,1 / 0,01. Resolucao e check automatico dos eletrodos. Calibracao automatica de todos os parâmetros. Alarme sonoro de maximo e mínimo. Reconhecimento de anions ou cátions. Leituras diretas em ppm, molar, %, meq/l. Reconhece tampões. Compensacao de temperatura: manual/automático. Display iluminado: 2 linhas x 16 caracteres. Alimentacao: 110/220 v, (50/60 hz). Dimensoes (lxaxp): 147 x 140 x 240mm. Acompanha manual de instrucoes em disquete, porta eletrodo com braço articulado, eletrodo combinado de ph, termocompensador e solucoes tampao.	UNIDADE	5204 - APARELHOS DE MEDICAO E ORIENTACAO	1	R$ 1.225,00	R$ 1.225,00
	1334	5204000000275	432668	Específico		TERMOMETRO TIPO DIGITAL	TERMÔMETRO, TIPO DIGITAL, FAIXA MEDIÇÃO TEMPERATURA - 50¨C A 300, APLICAÇÃO ALIMENTOS, MATERIAL PLÁSTICO E AÇO INOX, CARACTERÍSTICAS ADICIONAIS TIPO ESPETO DIGITAL, COM LEITOR LCD A PROVA D´AGUA, PRECISÃO 1	UNIDADE	5204 - APARELHOS DE MEDICAO E ORIENTACAO	2	R$ 150,00	R$ 300,00
	1334	5204000000319	274232	Específico		TERMOMETRO DE GLOBO DIGITAL COM DATALOGGER	DISPLAY: LCD DE 2 LINHAS E 16 CARACTERES COM AUTO ILUMINAÇÃO,ESCALAS: -50 A 300 ºC COM PRECISÃO DE ± 0.5 ºC E RESOLUÇÃO DE 0,1 ºC; TAXA DE AMOSTRAGEM: 1 X POR SEGUNDO ;PROMOVE LEITURAS EM GRAUS CELCIUS (ºC) OU FAHRENHEIT (ºF);HOLD: CONGELA AS LEITURAS NO DISPLAY;MEMÓRIA: MÁXIMA E MÍNIMA;MÓDULO DOS SENSORES DESTACÁVEL ;DISPLAY CONFIGURÁVEL PARA PORTUGUÊS OU INGLÊS ;CAPACIDADE DE ARMAZENAMENTO MANUAL: 120 LEITURAS ;DATALOGGER: 512KB DE MEMÓRIA ;FORNECIMENTO DE RELATÓRIOS EM LISTAS E GRÁFICOS ;EXPORTAÇÃO DE DADOS PARA PLANILHAS EM EXCEL; BATERIA: RECARREGÁVEL LI-ION 3,7 VCC 1800MAH; CARREGADOR: 100-240V 60HZ 0,35A - SAIDA: 5.0V 500MA	UNIDADE	5204 - APARELHOS DE MEDICAO E ORIENTACAO	1	R$ 2.891,99	R$ 2.891,99
	1334	5204000000371	234715	Específico		CONDUTIVIMETRO	CONDUTIVIMETRO, TIPO SELEC?O RESOLUC?O AUTOMATICA, TIPO CHECAGEM CELULA AUTOMATICA, TIPO LEITURAS CONTINUAS OU CONGELADAS, PPM/NACI OU CAC03, TIPO ESCALA AUTO RANGE, TIPO MEMORIA N?O VOLATIL, COMPRIMENTO 150, LARGURA 170, ALTURA 230, CONDUTIVIDADE FAIXA MEDIC?O 0,010 A 2 S/CM, RESOLUC?O 1/ 0,1/ 0,01 SIEMENS, PRECIS?O RELATIVA 0,05, APLICAC?O CONDUTIVIDADE/RESISTIVIDADE/SALINIDADE	UNIDADE	5204 - APARELHOS DE MEDICAO E ORIENTACAO	1	R$ 298,98	R$ 298,98
	1334	5204000000389	416817	Específico		EVAPORADOR ROTATIVO À VÁCUO, 5L	EVAPORADOR ROTATIVO À VÁCUO, AJUSTE: AJUSTE DIGITAL, C, PAINEL DE CONTROLE, CAPACIDADE: ATÉ 5 L, ROTAÇÃO: ATÉ 200 RPM, TEMPERATURA: CONTROLE DE TEMPERATURA ATÉ 150 °C, COMPONENTES: BALÕES 1000 ML, COM CONDENSADOR, CARACTERÍSTICA ADICIONAL: ARTICULADO	UNIDADE	5204 - APARELHOS DE MEDICAO E ORIENTACAO	1	R$ 12,33	R$ 12,33
	1340	5212000000216	254357	Específico		BATEDEIRA TIPO PLANETÁRIO	BATEDEIRA DOMÉSTICA, TIPO:PLANETÁRIA, CAPACIDADE:3.900 ML, COMPONENTES ADICIONAIS:TRAVA AUTOMÁTICA E DISCO REGULAGEM ALTURA TIJELAS, CARACTERÍSTICAS ADICIONAIS:5 VELOCIDADES E BATEDORES PARA MASSAS LEVE, MÉDIA	UNIDADE	5212 - APARELHOS E UTENSILIOS DOMESTICOS	1	R$ 600,00	R$ 600,00